               epoch,      train/box_loss,      train/cls_loss,      train/dfl_loss,   metrics/precision,      metrics/recall,     metrics/mAP_0.5,metrics/mAP_0.5:0.95,        val/box_loss,        val/cls_loss,        val/dfl_loss,               x/lr0,               x/lr1,               x/lr2
                   0,              4.7473,              4.0591,              3.9854,            0.081718,              0.2894,            0.043877,            0.011746,                   0,                   0,                   0,            0.066737,          3.3297e-05,          3.3297e-05
                   1,              3.7229,              3.0263,               3.409,             0.25153,             0.36113,             0.19719,            0.067842,                   0,                   0,                   0,            0.033436,            6.63e-05,            6.63e-05
                   2,              3.1683,              2.6224,              3.0264,             0.39202,             0.48462,             0.36889,             0.13962,                   0,                   0,                   0,          0.00013568,          9.8974e-05,          9.8974e-05
                   3,              2.8914,              2.3978,              2.7965,             0.39452,             0.49189,             0.40861,             0.16655,                   0,                   0,                   0,          9.8515e-05,          9.8515e-05,          9.8515e-05
                   4,              2.7551,              2.2585,              2.6517,             0.51145,             0.55784,             0.51911,             0.22062,                   0,                   0,                   0,          9.8515e-05,          9.8515e-05,          9.8515e-05
                   5,              2.6146,              2.1257,              2.5424,             0.57175,             0.56454,             0.54543,             0.23218,                   0,                   0,                   0,           9.802e-05,           9.802e-05,           9.802e-05
                   6,              2.5587,              2.0682,              2.4617,             0.60505,             0.60656,             0.59116,             0.27032,                   0,                   0,                   0,          9.7525e-05,          9.7525e-05,          9.7525e-05
                   7,              2.4747,              2.0014,              2.3906,             0.61956,              0.5922,             0.59928,             0.27614,                   0,                   0,                   0,           9.703e-05,           9.703e-05,           9.703e-05
                   8,               2.422,              1.9512,              2.3298,             0.59212,             0.61835,             0.62074,             0.29275,                   0,                   0,                   0,          9.6535e-05,          9.6535e-05,          9.6535e-05
                   9,              2.3856,              1.9162,              2.3008,             0.60194,              0.6368,              0.6253,             0.30063,                   0,                   0,                   0,           9.604e-05,           9.604e-05,           9.604e-05
                  10,              2.3501,              1.8862,               2.269,             0.59204,             0.64643,             0.63385,             0.30589,                   0,                   0,                   0,          9.5545e-05,          9.5545e-05,          9.5545e-05
                  11,              2.3388,              1.8736,              2.2336,             0.59923,             0.61168,             0.63882,             0.31866,                   0,                   0,                   0,           9.505e-05,           9.505e-05,           9.505e-05
                  12,               2.267,               1.826,              2.1876,             0.65562,             0.63085,             0.67467,             0.33792,                   0,                   0,                   0,          9.4555e-05,          9.4555e-05,          9.4555e-05
                  13,              2.2782,              1.8296,              2.1663,              0.6547,             0.66019,             0.68386,             0.34533,                   0,                   0,                   0,           9.406e-05,           9.406e-05,           9.406e-05
                  14,              2.2231,              1.7878,              2.1429,             0.67415,              0.6549,             0.68291,              0.3476,                   0,                   0,                   0,          9.3565e-05,          9.3565e-05,          9.3565e-05
                  15,              2.1911,              1.7344,              2.1016,             0.71013,             0.65093,             0.68641,             0.33903,                   0,                   0,                   0,           9.307e-05,           9.307e-05,           9.307e-05
                  16,                2.18,              1.7383,              2.0834,             0.72366,              0.6717,             0.71604,             0.37675,                   0,                   0,                   0,          9.2575e-05,          9.2575e-05,          9.2575e-05
                  17,              2.1571,              1.7186,              2.0654,             0.70546,             0.70034,             0.72288,             0.36962,                   0,                   0,                   0,           9.208e-05,           9.208e-05,           9.208e-05
                  18,              2.1455,              1.6946,              2.0535,             0.69774,             0.69563,             0.71287,             0.36576,                   0,                   0,                   0,          9.1585e-05,          9.1585e-05,          9.1585e-05
                  19,              2.1295,              1.6899,              2.0314,             0.68281,             0.65618,             0.68854,              0.3523,                   0,                   0,                   0,           9.109e-05,           9.109e-05,           9.109e-05
                  20,              2.0994,              1.6809,              2.0186,             0.67663,             0.69472,             0.70498,              0.3643,                   0,                   0,                   0,          9.0595e-05,          9.0595e-05,          9.0595e-05
                  21,              2.0877,              1.6698,              2.0092,             0.72558,             0.67888,             0.71531,             0.37703,                   0,                   0,                   0,            9.01e-05,            9.01e-05,            9.01e-05
                  22,               2.094,              1.6704,               2.007,             0.73684,             0.72229,             0.75527,             0.40999,                   0,                   0,                   0,          8.9605e-05,          8.9605e-05,          8.9605e-05
                  23,              2.0512,              1.6063,              1.9608,             0.72347,             0.71458,              0.7356,             0.39153,                   0,                   0,                   0,           8.911e-05,           8.911e-05,           8.911e-05
                  24,              2.0558,              1.6225,              1.9727,             0.72454,             0.69671,             0.71919,             0.38212,                   0,                   0,                   0,          8.8615e-05,          8.8615e-05,          8.8615e-05
                  25,               2.056,              1.6119,              1.9545,              0.7333,             0.70131,             0.73387,             0.39673,                   0,                   0,                   0,           8.812e-05,           8.812e-05,           8.812e-05
                  26,              2.0491,              1.6178,              1.9664,             0.75106,             0.72706,             0.76496,             0.41786,                   0,                   0,                   0,          8.7625e-05,          8.7625e-05,          8.7625e-05
                  27,               2.025,              1.6009,              1.9479,             0.74742,             0.70812,             0.74623,             0.39599,                   0,                   0,                   0,           8.713e-05,           8.713e-05,           8.713e-05
                  28,              2.0057,              1.5778,              1.9183,             0.75369,              0.7119,             0.74791,             0.40234,                   0,                   0,                   0,          8.6635e-05,          8.6635e-05,          8.6635e-05
                  29,              2.0147,              1.5829,              1.9159,              0.7409,             0.73641,             0.77216,             0.41773,                   0,                   0,                   0,           8.614e-05,           8.614e-05,           8.614e-05
                  30,              1.9722,              1.5375,              1.9005,             0.73948,             0.72377,             0.76889,              0.4198,                   0,                   0,                   0,          8.5645e-05,          8.5645e-05,          8.5645e-05
                  31,              1.9842,              1.5535,              1.9011,             0.75303,             0.71722,             0.75749,             0.41055,                   0,                   0,                   0,           8.515e-05,           8.515e-05,           8.515e-05
                  32,              1.9711,               1.552,              1.9021,             0.72084,             0.70505,             0.74189,             0.39738,                   0,                   0,                   0,          8.4655e-05,          8.4655e-05,          8.4655e-05
                  33,               1.969,              1.5299,               1.878,             0.76593,             0.71002,             0.76694,             0.41595,                   0,                   0,                   0,           8.416e-05,           8.416e-05,           8.416e-05
                  34,               1.951,              1.5224,              1.8807,             0.74685,             0.72571,             0.76078,             0.41892,                   0,                   0,                   0,          8.3665e-05,          8.3665e-05,          8.3665e-05
                  35,              1.9409,              1.5115,              1.8784,             0.76679,              0.7308,             0.76916,             0.41972,                   0,                   0,                   0,           8.317e-05,           8.317e-05,           8.317e-05
                  36,              1.9587,              1.5264,              1.8755,              0.7555,             0.71813,             0.76511,             0.43185,                   0,                   0,                   0,          8.2675e-05,          8.2675e-05,          8.2675e-05
                  37,              1.9265,              1.4973,               1.863,             0.74764,             0.72482,             0.76008,             0.41392,                   0,                   0,                   0,           8.218e-05,           8.218e-05,           8.218e-05
                  38,              1.9347,              1.5014,              1.8552,              0.7719,             0.71609,             0.76794,             0.43012,                   0,                   0,                   0,          8.1685e-05,          8.1685e-05,          8.1685e-05
                  39,              1.9166,              1.4862,              1.8495,             0.75748,             0.73319,             0.77474,             0.43506,                   0,                   0,                   0,           8.119e-05,           8.119e-05,           8.119e-05
                  40,              1.8968,              1.4493,              1.8352,             0.74632,             0.72897,              0.7721,             0.42558,                   0,                   0,                   0,          8.0695e-05,          8.0695e-05,          8.0695e-05
                  41,              1.9013,              1.4622,              1.8283,             0.77249,             0.72304,             0.77736,              0.4423,                   0,                   0,                   0,            8.02e-05,            8.02e-05,            8.02e-05
                  42,              1.8857,              1.4623,               1.827,             0.76619,             0.74039,             0.77616,             0.44207,                   0,                   0,                   0,          7.9705e-05,          7.9705e-05,          7.9705e-05
                  43,              1.8933,              1.4512,              1.8295,             0.78672,             0.72817,             0.78305,             0.43802,                   0,                   0,                   0,           7.921e-05,           7.921e-05,           7.921e-05
                  44,              1.8839,              1.4532,              1.8211,             0.74224,              0.7423,             0.77456,             0.44488,                   0,                   0,                   0,          7.8715e-05,          7.8715e-05,          7.8715e-05
                  45,              1.8592,              1.4506,              1.8111,             0.75463,              0.7336,             0.76681,             0.43462,                   0,                   0,                   0,           7.822e-05,           7.822e-05,           7.822e-05
                  46,              1.8683,              1.4381,              1.8181,             0.77316,             0.70873,             0.76288,             0.43542,                   0,                   0,                   0,          7.7725e-05,          7.7725e-05,          7.7725e-05
                  47,               1.873,              1.4508,               1.826,             0.78096,             0.74057,             0.78157,             0.44971,                   0,                   0,                   0,           7.723e-05,           7.723e-05,           7.723e-05
                  48,              1.8365,              1.3963,              1.7853,             0.76949,             0.73395,             0.77056,             0.43714,                   0,                   0,                   0,          7.6735e-05,          7.6735e-05,          7.6735e-05
                  49,              1.8392,              1.4155,              1.7977,             0.75685,             0.73808,             0.76968,             0.43678,                   0,                   0,                   0,           7.624e-05,           7.624e-05,           7.624e-05
                  50,              1.8927,              1.4571,              1.8173,             0.77167,             0.74285,             0.78102,             0.44711,                   0,                   0,                   0,          7.5745e-05,          7.5745e-05,          7.5745e-05
                  51,              1.8719,              1.4387,              1.8157,             0.77207,             0.74145,             0.78043,             0.44846,                   0,                   0,                   0,           7.525e-05,           7.525e-05,           7.525e-05
                  52,              1.8727,              1.4381,              1.8115,             0.78168,             0.74303,             0.78004,             0.44002,                   0,                   0,                   0,          7.4755e-05,          7.4755e-05,          7.4755e-05
                  53,              1.8704,              1.4466,              1.8094,             0.76239,             0.73262,              0.7756,             0.44177,                   0,                   0,                   0,           7.426e-05,           7.426e-05,           7.426e-05
                  54,              1.8585,              1.4096,              1.7847,             0.76275,              0.7284,             0.76233,             0.42681,                   0,                   0,                   0,          7.3765e-05,          7.3765e-05,          7.3765e-05
                  55,              1.8591,              1.4286,              1.7986,             0.74401,             0.74109,             0.77755,              0.4434,                   0,                   0,                   0,           7.327e-05,           7.327e-05,           7.327e-05
                  56,              1.8403,              1.4295,              1.7921,             0.77816,              0.7294,             0.78174,             0.44549,                   0,                   0,                   0,          7.2775e-05,          7.2775e-05,          7.2775e-05
                  57,              1.8327,              1.4222,              1.7948,             0.75624,             0.74594,             0.78063,             0.44696,                   0,                   0,                   0,           7.228e-05,           7.228e-05,           7.228e-05
                  58,              1.8339,              1.4258,              1.7914,             0.76325,             0.74491,             0.78073,             0.45343,                   0,                   0,                   0,          7.1785e-05,          7.1785e-05,          7.1785e-05
                  59,              1.8228,              1.3974,              1.7762,             0.74902,             0.75509,             0.77163,             0.45065,                   0,                   0,                   0,           7.129e-05,           7.129e-05,           7.129e-05
                  60,              1.8232,              1.4008,              1.7783,             0.77794,             0.73034,             0.78872,             0.45455,                   0,                   0,                   0,          7.0795e-05,          7.0795e-05,          7.0795e-05
                  61,              1.8208,              1.3894,              1.7704,             0.75962,             0.75025,             0.78551,             0.45689,                   0,                   0,                   0,            7.03e-05,            7.03e-05,            7.03e-05
                  62,              1.8132,              1.3844,              1.7773,               0.791,             0.74406,             0.79141,             0.45455,                   0,                   0,                   0,          6.9805e-05,          6.9805e-05,          6.9805e-05
                  63,              1.8318,              1.4042,              1.7768,             0.75598,             0.75516,             0.79083,             0.46116,                   0,                   0,                   0,           6.931e-05,           6.931e-05,           6.931e-05
                  64,              1.8081,              1.3662,              1.7691,             0.78362,             0.74983,             0.78187,             0.45394,                   0,                   0,                   0,          6.8815e-05,          6.8815e-05,          6.8815e-05
                  65,              1.7971,              1.3727,              1.7624,             0.76759,             0.75388,             0.78373,             0.46035,                   0,                   0,                   0,           6.832e-05,           6.832e-05,           6.832e-05
                  66,              1.8075,               1.372,               1.766,             0.78512,             0.74148,              0.7915,             0.46261,                   0,                   0,                   0,          6.7825e-05,          6.7825e-05,          6.7825e-05
                  67,              1.8014,              1.3752,              1.7654,             0.78924,             0.75802,             0.79843,             0.46996,                   0,                   0,                   0,           6.733e-05,           6.733e-05,           6.733e-05
                  68,               1.798,              1.3628,              1.7721,             0.79347,             0.74617,             0.78775,             0.46349,                   0,                   0,                   0,          6.6835e-05,          6.6835e-05,          6.6835e-05
                  69,              1.7917,              1.3614,              1.7568,             0.76486,             0.75413,             0.78121,              0.4564,                   0,                   0,                   0,           6.634e-05,           6.634e-05,           6.634e-05
                  70,              1.7933,              1.3645,              1.7562,             0.76635,             0.74181,             0.78795,             0.46474,                   0,                   0,                   0,          6.5845e-05,          6.5845e-05,          6.5845e-05
                  71,              1.7881,              1.3538,              1.7517,             0.78806,             0.74017,             0.78591,             0.46936,                   0,                   0,                   0,           6.535e-05,           6.535e-05,           6.535e-05
                  72,               1.789,              1.3532,              1.7514,              0.7874,             0.74919,             0.79388,             0.46396,                   0,                   0,                   0,          6.4855e-05,          6.4855e-05,          6.4855e-05
                  73,              1.7839,              1.3555,              1.7515,             0.76535,             0.74079,             0.78386,             0.45903,                   0,                   0,                   0,           6.436e-05,           6.436e-05,           6.436e-05
                  74,               1.782,              1.3703,              1.7511,             0.78566,             0.75514,             0.79787,              0.4727,                   0,                   0,                   0,          6.3865e-05,          6.3865e-05,          6.3865e-05
                  75,              1.7708,              1.3467,               1.751,             0.77618,             0.75825,             0.79493,             0.47074,                   0,                   0,                   0,           6.337e-05,           6.337e-05,           6.337e-05
                  76,              1.7694,              1.3383,              1.7423,             0.77907,             0.74447,             0.78923,             0.46702,                   0,                   0,                   0,          6.2875e-05,          6.2875e-05,          6.2875e-05
                  77,              1.7602,              1.3291,              1.7403,             0.78858,             0.74525,             0.78932,             0.46516,                   0,                   0,                   0,           6.238e-05,           6.238e-05,           6.238e-05
                  78,              1.7481,              1.3388,              1.7395,             0.80396,             0.73774,             0.79705,             0.47511,                   0,                   0,                   0,          6.1885e-05,          6.1885e-05,          6.1885e-05
                  79,               1.769,              1.3296,              1.7272,             0.78085,             0.75152,             0.79038,             0.47266,                   0,                   0,                   0,           6.139e-05,           6.139e-05,           6.139e-05
                  80,              1.7373,               1.294,              1.7125,             0.78018,             0.73508,             0.78495,             0.47045,                   0,                   0,                   0,          6.0895e-05,          6.0895e-05,          6.0895e-05
                  81,              1.7633,              1.3435,              1.7427,             0.79057,             0.75175,             0.79908,             0.47434,                   0,                   0,                   0,            6.04e-05,            6.04e-05,            6.04e-05
                  82,              1.7437,              1.3162,              1.7243,             0.77375,             0.76295,              0.7987,             0.47899,                   0,                   0,                   0,          5.9905e-05,          5.9905e-05,          5.9905e-05
                  83,              1.7339,              1.3289,              1.7183,             0.77837,             0.76548,             0.79778,              0.4806,                   0,                   0,                   0,           5.941e-05,           5.941e-05,           5.941e-05
                  84,              1.7309,              1.3154,              1.7166,              0.7733,             0.77014,             0.80525,             0.48509,                   0,                   0,                   0,          5.8915e-05,          5.8915e-05,          5.8915e-05
                  85,              1.7482,              1.3245,              1.7362,             0.78654,             0.74218,             0.79118,             0.47922,                   0,                   0,                   0,           5.842e-05,           5.842e-05,           5.842e-05
                  86,              1.7377,              1.3093,              1.7212,             0.77168,             0.75802,              0.7979,             0.48081,                   0,                   0,                   0,          5.7925e-05,          5.7925e-05,          5.7925e-05
                  87,              1.7403,              1.3143,              1.7261,             0.76213,             0.77214,             0.79735,             0.47469,                   0,                   0,                   0,           5.743e-05,           5.743e-05,           5.743e-05
                  88,              1.7393,              1.3026,              1.7181,             0.78673,             0.75581,             0.80223,             0.48255,                   0,                   0,                   0,          5.6935e-05,          5.6935e-05,          5.6935e-05
                  89,              1.7122,              1.2848,              1.7026,             0.77986,             0.76509,             0.80254,             0.48122,                   0,                   0,                   0,           5.644e-05,           5.644e-05,           5.644e-05
                  90,              1.7192,              1.3072,              1.7059,             0.77834,             0.75632,             0.79409,             0.47732,                   0,                   0,                   0,          5.5945e-05,          5.5945e-05,          5.5945e-05
                  91,              1.7231,              1.3017,              1.7157,             0.79293,             0.75416,             0.80209,             0.48774,                   0,                   0,                   0,           5.545e-05,           5.545e-05,           5.545e-05
                  92,              1.7213,              1.3055,              1.7224,             0.78374,             0.76263,             0.80317,             0.48767,                   0,                   0,                   0,          5.4955e-05,          5.4955e-05,          5.4955e-05
                  93,              1.7191,              1.2951,              1.7157,             0.79854,             0.76021,             0.80414,             0.48925,                   0,                   0,                   0,           5.446e-05,           5.446e-05,           5.446e-05
                  94,              1.7225,              1.2928,              1.7159,             0.78637,             0.76836,             0.80304,             0.47978,                   0,                   0,                   0,          5.3965e-05,          5.3965e-05,          5.3965e-05
                  95,              1.7198,              1.2885,              1.7033,             0.78054,              0.7593,              0.7994,             0.48231,                   0,                   0,                   0,           5.347e-05,           5.347e-05,           5.347e-05
                  96,              1.7021,              1.2773,              1.6959,             0.79416,             0.76009,             0.80199,             0.48575,                   0,                   0,                   0,          5.2975e-05,          5.2975e-05,          5.2975e-05
                  97,              1.7114,              1.2788,               1.701,             0.78124,             0.75901,             0.79617,             0.48542,                   0,                   0,                   0,           5.248e-05,           5.248e-05,           5.248e-05
                  98,              1.7016,              1.2654,              1.7008,              0.8059,             0.74371,             0.80326,             0.49017,                   0,                   0,                   0,          5.1985e-05,          5.1985e-05,          5.1985e-05
                  99,              1.7124,              1.2814,              1.7087,              0.7938,             0.75643,             0.80615,             0.49039,                   0,                   0,                   0,           5.149e-05,           5.149e-05,           5.149e-05
                 100,              1.6912,              1.2589,              1.6928,             0.78549,             0.76312,             0.80526,             0.49169,                   0,                   0,                   0,          5.0995e-05,          5.0995e-05,          5.0995e-05
                 101,              1.6977,              1.2722,              1.7003,             0.79346,             0.74972,             0.79735,             0.48663,                   0,                   0,                   0,            5.05e-05,            5.05e-05,            5.05e-05
                 102,              1.6802,              1.2634,              1.6902,             0.79772,             0.75482,             0.80732,             0.49394,                   0,                   0,                   0,          5.0005e-05,          5.0005e-05,          5.0005e-05
                 103,               1.689,              1.2709,              1.6959,             0.79536,             0.75309,             0.81015,             0.49343,                   0,                   0,                   0,           4.951e-05,           4.951e-05,           4.951e-05
                 104,              1.6701,              1.2539,              1.6884,             0.80204,             0.74801,             0.80873,             0.49905,                   0,                   0,                   0,          4.9015e-05,          4.9015e-05,          4.9015e-05
                 105,              1.6808,               1.247,              1.6829,             0.78994,             0.75946,             0.81001,              0.4939,                   0,                   0,                   0,           4.852e-05,           4.852e-05,           4.852e-05
                 106,              1.6933,              1.2672,              1.6941,             0.78447,             0.76931,             0.80479,             0.49399,                   0,                   0,                   0,          4.8025e-05,          4.8025e-05,          4.8025e-05
                 107,              1.6881,              1.2522,              1.6862,             0.79589,             0.75499,             0.80748,             0.49718,                   0,                   0,                   0,           4.753e-05,           4.753e-05,           4.753e-05
                 108,              1.6716,              1.2438,              1.6804,             0.78806,             0.76764,             0.80483,             0.49775,                   0,                   0,                   0,          4.7035e-05,          4.7035e-05,          4.7035e-05
                 109,              1.6671,              1.2563,              1.6771,             0.78881,             0.77254,             0.80605,             0.49737,                   0,                   0,                   0,           4.654e-05,           4.654e-05,           4.654e-05
                 110,              1.6637,              1.2379,              1.6732,             0.78678,             0.76461,             0.79987,             0.49039,                   0,                   0,                   0,          4.6045e-05,          4.6045e-05,          4.6045e-05
                 111,              1.6765,              1.2521,              1.6853,              0.7985,             0.75514,             0.79938,             0.49297,                   0,                   0,                   0,           4.555e-05,           4.555e-05,           4.555e-05
                 112,              1.6587,               1.238,              1.6844,             0.79985,              0.7674,             0.80553,             0.49597,                   0,                   0,                   0,          4.5055e-05,          4.5055e-05,          4.5055e-05
                 113,               1.672,               1.243,              1.6846,             0.78862,             0.76629,             0.80876,             0.50096,                   0,                   0,                   0,           4.456e-05,           4.456e-05,           4.456e-05
                 114,              1.6599,              1.2365,              1.6621,             0.80343,             0.76552,             0.81511,             0.50505,                   0,                   0,                   0,          4.4065e-05,          4.4065e-05,          4.4065e-05
                 115,              1.6594,              1.2341,              1.6652,             0.78951,             0.76505,             0.80514,             0.49939,                   0,                   0,                   0,           4.357e-05,           4.357e-05,           4.357e-05
                 116,              1.6675,               1.242,              1.6637,             0.80254,             0.75819,             0.80759,             0.50402,                   0,                   0,                   0,          4.3075e-05,          4.3075e-05,          4.3075e-05
                 117,              1.6615,              1.2249,              1.6706,              0.8016,             0.75865,             0.80329,             0.50137,                   0,                   0,                   0,           4.258e-05,           4.258e-05,           4.258e-05
                 118,              1.6415,              1.2093,              1.6639,              0.8098,             0.75507,             0.80545,             0.49865,                   0,                   0,                   0,          4.2085e-05,          4.2085e-05,          4.2085e-05
                 119,              1.6334,              1.2084,              1.6693,              0.8106,             0.75545,             0.80623,             0.50016,                   0,                   0,                   0,           4.159e-05,           4.159e-05,           4.159e-05
                 120,              1.6528,              1.2156,              1.6638,             0.81345,             0.75466,             0.80769,             0.50207,                   0,                   0,                   0,          4.1095e-05,          4.1095e-05,          4.1095e-05
                 121,              1.6616,              1.2237,              1.6742,             0.80661,             0.76114,             0.80586,             0.50133,                   0,                   0,                   0,            4.06e-05,            4.06e-05,            4.06e-05
                 122,              1.6493,              1.2115,              1.6583,             0.81965,             0.75442,              0.8071,             0.50555,                   0,                   0,                   0,          4.0105e-05,          4.0105e-05,          4.0105e-05
                 123,              1.6545,              1.2256,               1.672,             0.81313,             0.75644,             0.80703,             0.50389,                   0,                   0,                   0,           3.961e-05,           3.961e-05,           3.961e-05
                 124,              1.6446,              1.2152,              1.6615,              0.8176,             0.75872,             0.81537,             0.50607,                   0,                   0,                   0,          3.9115e-05,          3.9115e-05,          3.9115e-05
                 125,              1.6427,              1.2095,              1.6635,             0.80539,             0.76574,              0.8119,             0.50554,                   0,                   0,                   0,           3.862e-05,           3.862e-05,           3.862e-05
                 126,              1.6524,              1.2097,              1.6703,             0.80869,             0.76239,             0.81027,             0.50632,                   0,                   0,                   0,          3.8125e-05,          3.8125e-05,          3.8125e-05
                 127,              1.6261,              1.1918,              1.6442,             0.80995,             0.76459,             0.80998,               0.505,                   0,                   0,                   0,           3.763e-05,           3.763e-05,           3.763e-05
                 128,               1.624,              1.2002,               1.653,             0.82137,             0.75266,             0.81037,             0.50076,                   0,                   0,                   0,          3.7135e-05,          3.7135e-05,          3.7135e-05
                 129,              1.6355,               1.204,              1.6539,             0.81427,             0.75766,             0.80745,             0.50032,                   0,                   0,                   0,           3.664e-05,           3.664e-05,           3.664e-05
                 130,              1.6322,              1.2072,              1.6546,              0.8179,             0.75616,             0.81109,             0.50667,                   0,                   0,                   0,          3.6145e-05,          3.6145e-05,          3.6145e-05
                 131,              1.6194,               1.208,              1.6412,             0.80031,             0.76542,             0.81002,             0.50378,                   0,                   0,                   0,           3.565e-05,           3.565e-05,           3.565e-05
                 132,              1.6203,              1.1927,              1.6512,             0.80926,             0.75726,             0.80754,             0.50604,                   0,                   0,                   0,          3.5155e-05,          3.5155e-05,          3.5155e-05
                 133,              1.6178,              1.1918,              1.6371,             0.79518,             0.77007,             0.80876,              0.5077,                   0,                   0,                   0,           3.466e-05,           3.466e-05,           3.466e-05
                 134,              1.6347,              1.2118,               1.662,             0.79905,             0.76647,             0.81106,             0.50712,                   0,                   0,                   0,          3.4165e-05,          3.4165e-05,          3.4165e-05
                 135,              1.6252,              1.2028,              1.6554,             0.80538,             0.76185,             0.80907,             0.50569,                   0,                   0,                   0,           3.367e-05,           3.367e-05,           3.367e-05
                 136,              1.6074,               1.178,              1.6406,             0.81043,             0.76478,              0.8063,              0.5059,                   0,                   0,                   0,          3.3175e-05,          3.3175e-05,          3.3175e-05
                 137,              1.6276,              1.2116,              1.6494,             0.79821,             0.77025,             0.80532,             0.50545,                   0,                   0,                   0,           3.268e-05,           3.268e-05,           3.268e-05
                 138,              1.6195,              1.1944,              1.6461,             0.79053,              0.7666,             0.80605,             0.50681,                   0,                   0,                   0,          3.2185e-05,          3.2185e-05,          3.2185e-05
                 139,              1.5959,              1.1712,              1.6333,             0.79361,             0.77129,             0.80734,             0.50705,                   0,                   0,                   0,           3.169e-05,           3.169e-05,           3.169e-05
                 140,              1.6034,              1.1693,              1.6428,              0.7985,             0.76998,             0.80899,             0.50676,                   0,                   0,                   0,          3.1195e-05,          3.1195e-05,          3.1195e-05
                 141,              1.5959,              1.1867,              1.6415,             0.82099,             0.74556,             0.80833,             0.50655,                   0,                   0,                   0,            3.07e-05,            3.07e-05,            3.07e-05
                 142,              1.6058,              1.1744,              1.6469,             0.82087,             0.75363,             0.81117,             0.50723,                   0,                   0,                   0,          3.0205e-05,          3.0205e-05,          3.0205e-05
                 143,              1.6018,              1.1621,              1.6427,             0.81688,             0.76049,             0.81294,             0.50874,                   0,                   0,                   0,           2.971e-05,           2.971e-05,           2.971e-05
                 144,              1.5964,              1.1705,              1.6323,             0.81602,             0.75111,             0.80816,             0.50503,                   0,                   0,                   0,          2.9215e-05,          2.9215e-05,          2.9215e-05
                 145,              1.5929,               1.162,              1.6307,             0.81296,             0.75901,             0.81168,             0.50736,                   0,                   0,                   0,           2.872e-05,           2.872e-05,           2.872e-05
                 146,              1.5896,              1.1645,              1.6325,             0.81069,             0.76066,              0.8137,             0.50931,                   0,                   0,                   0,          2.8225e-05,          2.8225e-05,          2.8225e-05
                 147,              1.5944,              1.1722,              1.6418,             0.81772,              0.7683,             0.81627,             0.51152,                   0,                   0,                   0,           2.773e-05,           2.773e-05,           2.773e-05
                 148,              1.5782,              1.1628,               1.619,             0.81656,             0.76671,             0.81935,              0.5133,                   0,                   0,                   0,          2.7235e-05,          2.7235e-05,          2.7235e-05
                 149,              1.5945,              1.1708,              1.6403,             0.80971,             0.76437,             0.81619,             0.51333,                   0,                   0,                   0,           2.674e-05,           2.674e-05,           2.674e-05
                 150,               1.592,               1.162,              1.6228,             0.80909,             0.76638,              0.8133,             0.51242,                   0,                   0,                   0,          2.6245e-05,          2.6245e-05,          2.6245e-05
                 151,              1.5857,              1.1603,              1.6412,             0.81086,             0.76574,             0.81419,             0.51571,                   0,                   0,                   0,           2.575e-05,           2.575e-05,           2.575e-05
                 152,              1.5804,              1.1561,              1.6273,             0.81967,              0.7631,             0.81852,             0.51739,                   0,                   0,                   0,          2.5255e-05,          2.5255e-05,          2.5255e-05
                 153,               1.579,               1.148,              1.6293,             0.80488,             0.77001,             0.81714,             0.51677,                   0,                   0,                   0,           2.476e-05,           2.476e-05,           2.476e-05
                 154,              1.5671,              1.1505,              1.6248,             0.79322,             0.77335,             0.81377,             0.51656,                   0,                   0,                   0,          2.4265e-05,          2.4265e-05,          2.4265e-05
                 155,              1.5796,              1.1419,              1.6233,             0.79501,             0.76899,              0.8107,             0.51141,                   0,                   0,                   0,           2.377e-05,           2.377e-05,           2.377e-05
                 156,              1.5737,              1.1512,              1.6265,             0.80279,             0.76745,             0.81073,             0.51255,                   0,                   0,                   0,          2.3275e-05,          2.3275e-05,          2.3275e-05
                 157,              1.5706,              1.1471,              1.6193,             0.79781,             0.76382,              0.8091,             0.51102,                   0,                   0,                   0,           2.278e-05,           2.278e-05,           2.278e-05
                 158,              1.5707,              1.1499,              1.6272,             0.79657,             0.76723,             0.81141,             0.51512,                   0,                   0,                   0,          2.2285e-05,          2.2285e-05,          2.2285e-05
                 159,              1.5783,              1.1593,              1.6234,             0.80401,             0.76114,             0.81442,             0.51954,                   0,                   0,                   0,           2.179e-05,           2.179e-05,           2.179e-05
                 160,              1.5678,              1.1438,              1.6194,             0.80244,             0.76805,              0.8154,             0.51865,                   0,                   0,                   0,          2.1295e-05,          2.1295e-05,          2.1295e-05
                 161,              1.5534,               1.132,              1.6106,             0.80011,              0.7725,             0.81521,             0.51847,                   0,                   0,                   0,            2.08e-05,            2.08e-05,            2.08e-05
                 162,              1.5551,              1.1198,              1.6223,              0.7969,             0.77399,             0.81583,             0.51887,                   0,                   0,                   0,          2.0305e-05,          2.0305e-05,          2.0305e-05
                 163,              1.5742,              1.1661,              1.6288,             0.81197,             0.76316,             0.81575,             0.51982,                   0,                   0,                   0,           1.981e-05,           1.981e-05,           1.981e-05
                 164,              1.5724,              1.1504,              1.6298,             0.80493,             0.77099,              0.8165,             0.51829,                   0,                   0,                   0,          1.9315e-05,          1.9315e-05,          1.9315e-05
                 165,              1.5545,              1.1305,              1.6144,             0.79909,             0.77053,              0.8164,             0.51886,                   0,                   0,                   0,           1.882e-05,           1.882e-05,           1.882e-05
                 166,              1.5527,              1.1352,              1.6114,             0.80121,             0.76603,               0.816,             0.51965,                   0,                   0,                   0,          1.8325e-05,          1.8325e-05,          1.8325e-05
                 167,                1.56,              1.1157,              1.6084,             0.81022,              0.7634,             0.81705,              0.5196,                   0,                   0,                   0,           1.783e-05,           1.783e-05,           1.783e-05
                 168,              1.5645,              1.1222,              1.6107,             0.80691,             0.76883,             0.81728,              0.5194,                   0,                   0,                   0,          1.7335e-05,          1.7335e-05,          1.7335e-05
                 169,              1.5563,               1.114,              1.6089,             0.80875,             0.76515,             0.81661,             0.51933,                   0,                   0,                   0,           1.684e-05,           1.684e-05,           1.684e-05
                 170,              1.5752,              1.1458,               1.623,             0.81389,             0.76555,              0.8179,             0.51823,                   0,                   0,                   0,          1.6345e-05,          1.6345e-05,          1.6345e-05
                 171,              1.5382,              1.1063,              1.5961,             0.81615,              0.7595,             0.81669,             0.51822,                   0,                   0,                   0,           1.585e-05,           1.585e-05,           1.585e-05
                 172,              1.5493,              1.1253,               1.617,             0.82308,             0.75523,              0.8166,             0.51801,                   0,                   0,                   0,          1.5355e-05,          1.5355e-05,          1.5355e-05
                 173,              1.5582,              1.1266,              1.6132,              0.8237,             0.76083,             0.81735,             0.51909,                   0,                   0,                   0,           1.486e-05,           1.486e-05,           1.486e-05
                 174,              1.5321,              1.1085,              1.5986,             0.82327,             0.75571,             0.81821,             0.51934,                   0,                   0,                   0,          1.4365e-05,          1.4365e-05,          1.4365e-05
                 175,              1.5285,              1.1036,              1.5985,             0.82182,             0.76025,             0.81776,             0.52044,                   0,                   0,                   0,           1.387e-05,           1.387e-05,           1.387e-05
                 176,              1.5347,              1.1067,              1.6045,              0.8211,             0.76001,             0.81734,             0.52144,                   0,                   0,                   0,          1.3375e-05,          1.3375e-05,          1.3375e-05
                 177,               1.525,              1.1132,              1.5967,             0.81909,             0.76179,             0.81753,             0.52172,                   0,                   0,                   0,           1.288e-05,           1.288e-05,           1.288e-05
                 178,              1.5239,              1.0978,               1.583,             0.81752,             0.76503,             0.81898,             0.52318,                   0,                   0,                   0,          1.2385e-05,          1.2385e-05,          1.2385e-05
                 179,              1.5436,              1.1105,              1.6022,             0.81833,             0.75595,             0.81701,             0.52266,                   0,                   0,                   0,           1.189e-05,           1.189e-05,           1.189e-05
                 180,              1.5385,              1.1145,              1.5977,             0.82273,             0.75565,             0.81595,             0.52121,                   0,                   0,                   0,          1.1395e-05,          1.1395e-05,          1.1395e-05
                 181,              1.5405,               1.098,              1.5996,             0.82135,              0.7552,             0.81625,             0.52187,                   0,                   0,                   0,            1.09e-05,            1.09e-05,            1.09e-05
                 182,              1.5179,              1.0858,               1.583,             0.80998,             0.76214,               0.816,             0.52219,                   0,                   0,                   0,          1.0405e-05,          1.0405e-05,          1.0405e-05
                 183,              1.5219,              1.0974,              1.6005,             0.81506,             0.75699,             0.81552,             0.52166,                   0,                   0,                   0,            9.91e-06,            9.91e-06,            9.91e-06
                 184,              1.5174,              1.0946,              1.5928,             0.81324,             0.76148,             0.81617,             0.52197,                   0,                   0,                   0,           9.415e-06,           9.415e-06,           9.415e-06
                 185,              1.5346,              1.1091,              1.6047,             0.81019,             0.76479,             0.81661,             0.52178,                   0,                   0,                   0,            8.92e-06,            8.92e-06,            8.92e-06
                 186,               1.531,              1.1061,              1.5937,             0.80509,             0.76662,             0.81598,             0.52153,                   0,                   0,                   0,           8.425e-06,           8.425e-06,           8.425e-06
                 187,              1.5228,              1.0831,              1.5826,             0.81072,              0.7637,             0.81657,              0.5216,                   0,                   0,                   0,            7.93e-06,            7.93e-06,            7.93e-06
                 188,               1.528,              1.1085,              1.5866,             0.81023,             0.76541,             0.81701,             0.52142,                   0,                   0,                   0,           7.435e-06,           7.435e-06,           7.435e-06
                 189,              1.5209,              1.0902,              1.5901,             0.81144,             0.76008,             0.81642,             0.52166,                   0,                   0,                   0,            6.94e-06,            6.94e-06,            6.94e-06
                 190,              1.5216,              1.0877,              1.5884,             0.80941,             0.75991,             0.81621,             0.52052,                   0,                   0,                   0,           6.445e-06,           6.445e-06,           6.445e-06
                 191,              1.5153,              1.0951,               1.597,             0.81692,             0.75463,             0.81724,             0.52047,                   0,                   0,                   0,            5.95e-06,            5.95e-06,            5.95e-06
                 192,              1.5385,              1.1036,              1.6028,             0.81688,             0.75351,             0.81706,             0.52033,                   0,                   0,                   0,           5.455e-06,           5.455e-06,           5.455e-06
                 193,              1.5106,              1.0713,              1.5892,             0.81466,             0.75282,             0.81718,             0.52156,                   0,                   0,                   0,            4.96e-06,            4.96e-06,            4.96e-06
                 194,              1.5083,              1.0834,              1.5802,             0.80984,             0.75873,             0.81734,             0.52162,                   0,                   0,                   0,           4.465e-06,           4.465e-06,           4.465e-06
                 195,               1.527,              1.0865,              1.5987,             0.81348,             0.75598,             0.81735,             0.52145,                   0,                   0,                   0,            3.97e-06,            3.97e-06,            3.97e-06
                 196,              1.5094,              1.0944,              1.5927,              0.8117,             0.75661,             0.81658,             0.52142,                   0,                   0,                   0,           3.475e-06,           3.475e-06,           3.475e-06
                 197,              1.5196,              1.0923,              1.5909,             0.80924,             0.75954,             0.81662,             0.52146,                   0,                   0,                   0,            2.98e-06,            2.98e-06,            2.98e-06
                 198,              1.5166,              1.0942,              1.5944,             0.80997,             0.75625,             0.81653,             0.52147,                   0,                   0,                   0,           2.485e-06,           2.485e-06,           2.485e-06
                 199,              1.5081,              1.0762,              1.5855,              0.8094,             0.75761,             0.81724,             0.52163,                   0,                   0,                   0,            1.99e-06,            1.99e-06,            1.99e-06
